
insert into CLIENTS (id, email_address, name, surname) values (1, 'fmixworthy0@google.com.hk', 'Faydra', 'Mixworthy');
insert into CLIENTS (id, email_address, name, surname) values (2, 'pmachel1@bigcartel.com', 'Pyotr', 'Machel');
insert into CLIENTS (id, email_address, name, surname) values (3, 'jatherley2@blog.com', 'Justis', 'Atherley');
insert into CLIENTS (id, email_address, name, surname) values (4, 'ewinser3@blogtalkradio.com', 'Ettore', 'Winser');
insert into CLIENTS (id, email_address, name, surname) values (5, 'egrigorushkin4@reddit.com', 'Emylee', 'Grigorushkin');
insert into CLIENTS (id, email_address, name, surname) values (6, 'mworboys5@google.fr', 'Merrill', 'Worboys');
insert into CLIENTS (id, email_address, name, surname) values (7, 'bivermee6@mysql.com', 'Brittney', 'Ivermee');
insert into CLIENTS (id, email_address, name, surname) values (8, 'lheintze7@loc.gov', 'Launce', 'Heintze');
insert into CLIENTS (id, email_address, name, surname) values (9, 'btribe8@blogtalkradio.com', 'Breena', 'Tribe');
insert into CLIENTS (id, email_address, name, surname) values (10, 'cheyns9@fastcompany.com', 'Chariot', 'Heyns');

insert into projects_addresses (id, apartment_number, city, country, house_number, post_code, street) values (1, 18, 'Niort', 'France', 442, '79004 CEDEX', 'Superior');
insert into projects_addresses (id, apartment_number, city, country, house_number, post_code, street) values (2, 22, 'Nila Dua', 'Indonesia', 856, null, 'Briar Crest');
insert into projects_addresses (id, apartment_number, city, country, house_number, post_code, street) values (3, 9, 'Wiśniewo', 'Poland', 929, '06-521', 'Melvin');
insert into projects_addresses (id, apartment_number, city, country, house_number, post_code, street) values (4, 40, 'Ojos de Agua', 'Honduras', 306, null, 'Armistice');
insert into projects_addresses (id, apartment_number, city, country, house_number, post_code, street) values (5, 20, 'Las Palmas', 'Mexico', 674, '71984', 'School');
insert into projects_addresses (id, apartment_number, city, country, house_number, post_code, street) values (6, 6, 'Penghua', 'China', 272, null, 'Talisman');
insert into projects_addresses (id, apartment_number, city, country, house_number, post_code, street) values (7, 44, 'San Antonio', 'Mexico', 987, '71200', 'North');
insert into projects_addresses (id, apartment_number, city, country, house_number, post_code, street) values (8, 3, 'Plateliai', 'Lithuania', 604, '90036', 'American');
insert into projects_addresses (id, apartment_number, city, country, house_number, post_code, street) values (9, 7, 'Narawayong', 'Indonesia', 688, null, 'Waywood');
insert into projects_addresses (id, apartment_number, city, country, house_number, post_code, street) values (10, 26, 'Semikarakorsk', 'Russia', 92, '346630', 'Jenifer');
insert into projects_addresses (id, apartment_number, city, country, house_number, post_code, street) values (11, 2, 'Hwasun', 'South Korea', 152, null, 'Mariners Cove');
insert into projects_addresses (id, apartment_number, city, country, house_number, post_code, street) values (12, 29, 'Al Jīzah', 'Egypt', 236, null, 'Glendale');
insert into projects_addresses (id, apartment_number, city, country, house_number, post_code, street) values (13, 14, 'Vamvakoú', 'Greece', 849, null, 'Cottonwood');
insert into projects_addresses (id, apartment_number, city, country, house_number, post_code, street) values (14, 38, 'Mayong', 'China', 234, null, 'Stuart');
insert into projects_addresses (id, apartment_number, city, country, house_number, post_code, street) values (15, 19, 'Jambean', 'Indonesia', 232, null, 'Fuller');
insert into projects_addresses (id, apartment_number, city, country, house_number, post_code, street) values (16, 37, 'Knyaze-Volkonskoye', 'Russia', 922, '658693', 'Blaine');
insert into projects_addresses (id, apartment_number, city, country, house_number, post_code, street) values (17, 32, 'Banjar Anyar', 'Indonesia', 588, null, 'Bunker Hill');
insert into projects_addresses (id, apartment_number, city, country, house_number, post_code, street) values (18, 2, 'Kenarilang', 'Indonesia', 869, null, 'Onsgard');
insert into projects_addresses (id, apartment_number, city, country, house_number, post_code, street) values (19, 23, 'Taoyang', 'China', 546, null, 'Laurel');
insert into projects_addresses (id, apartment_number, city, country, house_number, post_code, street) values (20, 50, 'Nghĩa Hành', 'Vietnam', 901, null, 'Iowa');


insert into PROJECTS (id, project_name, start_date, address_id, client_id) values (1, 'CTS', '2016-12-06', 1, 2);
insert into PROJECTS (id, project_name, start_date, address_id, client_id) values (2, 'Grand Prix', '2017-07-08', 2, 10);
insert into PROJECTS (id, project_name, start_date, address_id, client_id) values (3, '9000', '2017-05-18', 3, 7);
insert into PROJECTS (id, project_name, start_date, address_id, client_id) values (4, 'S8', '2016-12-31', 4, 5);
insert into PROJECTS (id, project_name, start_date, address_id, client_id) values (5, 'Avalanche 2500', '2017-05-24', 5, 3);
insert into PROJECTS (id, project_name, start_date, address_id, client_id) values (6, 'Sidekick', '2017-01-14', 6, 5);
insert into PROJECTS (id, project_name, start_date, address_id, client_id) values (7, 'Jetta', '2016-11-24', 7, 6);
insert into PROJECTS (id, project_name, start_date, address_id, client_id) values (8, 'B-Series', '2017-04-01', 8, 7);
insert into PROJECTS (id, project_name, start_date, address_id, client_id) values (9, 'LR2', '2017-03-02', 9, 7);
insert into PROJECTS (id, project_name, start_date, address_id, client_id) values (10, 'Montero Sport', '2017-04-27', 10, 2);
insert into PROJECTS (id, project_name, start_date, address_id, client_id) values (11, 'Sunbird', '2017-08-16', 11, 5);
insert into PROJECTS (id, project_name, start_date, address_id, client_id) values (12, 'Savana 3500', '2017-01-11', 12, 6);
insert into PROJECTS (id, project_name, start_date, address_id, client_id) values (13, 'Montero Sport', '2017-04-24', 13, 5);
insert into PROJECTS (id, project_name, start_date, address_id, client_id) values (14, 'Range Rover', '2017-04-06', 14, 8);
insert into PROJECTS (id, project_name, start_date, address_id, client_id) values (15, 'GTI', '2017-03-11', 15, 5);
insert into PROJECTS (id, project_name, start_date, address_id, client_id) values (16, 'Savana', '2016-11-13', 16, 9);
insert into PROJECTS (id, project_name, start_date, address_id, client_id) values (17, 'Ram 3500', '2017-06-24', 17, 7);
insert into PROJECTS (id, project_name, start_date, address_id, client_id) values (18, '190E', '2017-05-21', 18, 1);
insert into PROJECTS (id, project_name, start_date, address_id, client_id) values (19, 'Fleetwood', '2017-07-03', 19, 5);
insert into PROJECTS (id, project_name, start_date, address_id, client_id) values (20, 'XLR', '2017-01-06', 20, 9);

insert into CLIENTS_PROJECTS (PROJECTS_ID, CLIENT_ENTITY_ID) values (1,2);
insert into CLIENTS_PROJECTS (PROJECTS_ID, CLIENT_ENTITY_ID) values (2,10);
insert into CLIENTS_PROJECTS (PROJECTS_ID, CLIENT_ENTITY_ID) values (3,7);
insert into CLIENTS_PROJECTS (PROJECTS_ID, CLIENT_ENTITY_ID) values (4,5);
insert into CLIENTS_PROJECTS (PROJECTS_ID, CLIENT_ENTITY_ID) values (5,3);
insert into CLIENTS_PROJECTS (PROJECTS_ID, CLIENT_ENTITY_ID) values (6,5);
insert into CLIENTS_PROJECTS (PROJECTS_ID, CLIENT_ENTITY_ID) values (7,6);
insert into CLIENTS_PROJECTS (PROJECTS_ID, CLIENT_ENTITY_ID) values (8,7);
insert into CLIENTS_PROJECTS (PROJECTS_ID, CLIENT_ENTITY_ID) values (9,7);
insert into CLIENTS_PROJECTS (PROJECTS_ID, CLIENT_ENTITY_ID) values (10,2);
insert into CLIENTS_PROJECTS (PROJECTS_ID, CLIENT_ENTITY_ID) values (11,5);
insert into CLIENTS_PROJECTS (PROJECTS_ID, CLIENT_ENTITY_ID) values (12,6);
insert into CLIENTS_PROJECTS (PROJECTS_ID, CLIENT_ENTITY_ID) values (13,5);
insert into CLIENTS_PROJECTS (PROJECTS_ID, CLIENT_ENTITY_ID) values (14,8);
insert into CLIENTS_PROJECTS (PROJECTS_ID, CLIENT_ENTITY_ID) values (15,5);
insert into CLIENTS_PROJECTS (PROJECTS_ID, CLIENT_ENTITY_ID) values (16,9);
insert into CLIENTS_PROJECTS (PROJECTS_ID, CLIENT_ENTITY_ID) values (17,7);
insert into CLIENTS_PROJECTS (PROJECTS_ID, CLIENT_ENTITY_ID) values (18,1);
insert into CLIENTS_PROJECTS (PROJECTS_ID, CLIENT_ENTITY_ID) values (19,5);
insert into CLIENTS_PROJECTS (PROJECTS_ID, CLIENT_ENTITY_ID) values (20,9);

insert into CLIENT_ENTITY_TELEPHONE_NUMBERS (client_entity_id, telephone_numbers) values (1, '880-885-3622');
insert into CLIENT_ENTITY_TELEPHONE_NUMBERS (client_entity_id, telephone_numbers) values (2, '709-270-8629');
insert into CLIENT_ENTITY_TELEPHONE_NUMBERS (client_entity_id, telephone_numbers) values (3, '587-874-7008');
insert into CLIENT_ENTITY_TELEPHONE_NUMBERS (client_entity_id, telephone_numbers) values (4, '800-517-5749');
insert into CLIENT_ENTITY_TELEPHONE_NUMBERS (client_entity_id, telephone_numbers) values (5, '440-463-6215');
insert into CLIENT_ENTITY_TELEPHONE_NUMBERS (client_entity_id, telephone_numbers) values (6, '576-863-3485');
insert into CLIENT_ENTITY_TELEPHONE_NUMBERS (client_entity_id, telephone_numbers) values (7, '861-557-8483');
insert into CLIENT_ENTITY_TELEPHONE_NUMBERS (client_entity_id, telephone_numbers) values (8, '290-610-5097');
insert into CLIENT_ENTITY_TELEPHONE_NUMBERS (client_entity_id, telephone_numbers) values (9, '798-109-7840');
insert into CLIENT_ENTITY_TELEPHONE_NUMBERS (client_entity_id, telephone_numbers) values (10, '199-254-4583');

insert into WORKERS (id, name, surname) values (1, 'Standford', 'Jumeau');
insert into WORKERS (id, name, surname) values (2, 'Malachi', 'Richardes');
insert into WORKERS (id, name, surname) values (3, 'Vina', 'Wrightem');
insert into WORKERS (id, name, surname) values (4, 'Radcliffe', 'Del Checolo');
insert into WORKERS (id, name, surname) values (5, 'Abigale', 'Orwin');
insert into WORKERS (id, name, surname) values (6, 'Marissa', 'Islep');
insert into WORKERS (id, name, surname) values (7, 'Netti', 'De Michele');
insert into WORKERS (id, name, surname) values (8, 'Madel', 'Vivien');
insert into WORKERS (id, name, surname) values (9, 'Chad', 'Vivian');
insert into WORKERS (id, name, surname) values (10, 'Paulie', 'Dayborne');

insert into WORKER_ENTITY_TELEPHONE_NUMBERS (worker_entity_id, telephone_numbers) values (1, '742-102-8367');
insert into WORKER_ENTITY_TELEPHONE_NUMBERS (worker_entity_id, telephone_numbers) values (2, '888-390-3119');
insert into WORKER_ENTITY_TELEPHONE_NUMBERS (worker_entity_id, telephone_numbers) values (3, '501-507-6911');
insert into WORKER_ENTITY_TELEPHONE_NUMBERS (worker_entity_id, telephone_numbers) values (4, '287-832-2282');
insert into WORKER_ENTITY_TELEPHONE_NUMBERS (worker_entity_id, telephone_numbers) values (5, '897-965-3394');
insert into WORKER_ENTITY_TELEPHONE_NUMBERS (worker_entity_id, telephone_numbers) values (6, '195-743-1999');
insert into WORKER_ENTITY_TELEPHONE_NUMBERS (worker_entity_id, telephone_numbers) values (7, '769-944-6775');
insert into WORKER_ENTITY_TELEPHONE_NUMBERS (worker_entity_id, telephone_numbers) values (8, '274-635-1317');
insert into WORKER_ENTITY_TELEPHONE_NUMBERS (worker_entity_id, telephone_numbers) values (9, '969-684-7747');
insert into WORKER_ENTITY_TELEPHONE_NUMBERS (worker_entity_id, telephone_numbers) values (10, '747-522-6195');

insert into PROJECTS_WORKERS (project_entity_id, workers_id) values (1, 1);
insert into PROJECTS_WORKERS (project_entity_id, workers_id) values (2, 1);
insert into PROJECTS_WORKERS (project_entity_id, workers_id) values (3, 2);
insert into PROJECTS_WORKERS (project_entity_id, workers_id) values (4, 2);
insert into PROJECTS_WORKERS (project_entity_id, workers_id) values (5, 3);
insert into PROJECTS_WORKERS (project_entity_id, workers_id) values (6, 3);
insert into PROJECTS_WORKERS (project_entity_id, workers_id) values (7, 4);
insert into PROJECTS_WORKERS (project_entity_id, workers_id) values (8, 4);
insert into PROJECTS_WORKERS (project_entity_id, workers_id) values (9, 5);
insert into PROJECTS_WORKERS (project_entity_id, workers_id) values (10, 5);
insert into PROJECTS_WORKERS (project_entity_id, workers_id) values (11, 6);
insert into PROJECTS_WORKERS (project_entity_id, workers_id) values (12, 6);
insert into PROJECTS_WORKERS (project_entity_id, workers_id) values (13, 7);
insert into PROJECTS_WORKERS (project_entity_id, workers_id) values (14, 7);
insert into PROJECTS_WORKERS (project_entity_id, workers_id) values (15, 8);
insert into PROJECTS_WORKERS (project_entity_id, workers_id) values (16, 8);
insert into PROJECTS_WORKERS (project_entity_id, workers_id) values (17, 9);
insert into PROJECTS_WORKERS (project_entity_id, workers_id) values (18, 9);
insert into PROJECTS_WORKERS (project_entity_id, workers_id) values (19, 10);
insert into PROJECTS_WORKERS (project_entity_id, workers_id) values (20, 10);

insert into TASKS (id, creation_date, description, estimated_task_duration, start_date, status, project_id) values (1, '2017-04-06', 'Other subluxation of right wrist and hand, initial encounter', 1, '2017-01-27', 2, 1);
insert into TASKS (id, creation_date, description, estimated_task_duration, start_date, status, project_id) values (2, '2017-03-25', 'Sprain of other ligament of left ankle, initial encounter', 1, '2017-07-12', 0, 1);
insert into TASKS (id, creation_date, description, estimated_task_duration, start_date, status, project_id) values (3, '2016-10-12', 'Corrosion of 2nd deg mul fingers (nail), not including thumb', 2, '2016-11-04', 2, 2);
insert into TASKS (id, creation_date, description, estimated_task_duration, start_date, status, project_id) values (4, '2016-12-03', 'Displ oblique fx shaft of l tibia, 7thJ', 2, '2017-01-12', 1, 2);
insert into TASKS (id, creation_date, description, estimated_task_duration, start_date, status, project_id) values (5, '2017-05-06', 'Drown due to oth accident to unsp watercraft, sequela', 3, '2017-07-10', 0, 3);
insert into TASKS (id, creation_date, description, estimated_task_duration, start_date, status, project_id) values (6, '2017-05-04', 'Lacerat extn musc/fasc/tend at forarm lv, left arm, sequela', 3, '2017-04-25', 2, 3);
insert into TASKS (id, creation_date, description, estimated_task_duration, start_date, status, project_id) values (7, '2017-09-11', 'Edema of eyelid', 4, '2017-04-25', 1, 4);
insert into TASKS (id, creation_date, description, estimated_task_duration, start_date, status, project_id) values (8, '2017-06-17', 'Oth injury due to oth accident to oth powered wtrcrft, init', 4, '2017-09-09', 1, 4);
insert into TASKS (id, creation_date, description, estimated_task_duration, start_date, status, project_id) values (9, '2016-11-04', 'Oral mucositis (ulcerative), unspecified', 5, '2017-05-04', 1, 5);
insert into TASKS (id, creation_date, description, estimated_task_duration, start_date, status, project_id) values (10, '2017-04-10', 'Nondisp fx of medial phalanx of left little finger', 5, '2017-01-05', 2, 5);
insert into TASKS (id, creation_date, description, estimated_task_duration, start_date, status, project_id) values (11, '2017-07-29', 'Spermatocele of epididymis, multiple', 6, '2016-11-24', 2, 6);
insert into TASKS (id, creation_date, description, estimated_task_duration, start_date, status, project_id) values (12, '2017-04-18', 'Nondisplaced fracture of capitate bone, right wrist', 6, '2016-10-18', 2, 6);
insert into TASKS (id, creation_date, description, estimated_task_duration, start_date, status, project_id) values (13, '2017-02-12', 'Postauricular fistula', 7, '2017-10-03', 0, 7);
insert into TASKS (id, creation_date, description, estimated_task_duration, start_date, status, project_id) values (14, '2016-11-09', 'Injury of blood vessels of thorax', 7, '2016-12-10', 2, 7);
insert into TASKS (id, creation_date, description, estimated_task_duration, start_date, status, project_id) values (15, '2017-09-27', 'Injury of ulnar nerve at forearm level, unsp arm, init', 8, '2016-11-08', 2, 8);
insert into TASKS (id, creation_date, description, estimated_task_duration, start_date, status, project_id) values (16, '2016-11-21', 'Malignant neoplasm of unspecified site of unspecified eye', 8, '2017-03-14', 0, 8);
insert into TASKS (id, creation_date, description, estimated_task_duration, start_date, status, project_id) values (17, '2017-04-12', 'Mesothelioma of pericardium', 9, '2017-04-06', 2, 9);
insert into TASKS (id, creation_date, description, estimated_task_duration, start_date, status, project_id) values (18, '2017-09-19', 'Fourth [trochlear] nerve palsy', 9, '2017-05-24', 0, 9);
insert into TASKS (id, creation_date, description, estimated_task_duration, start_date, status, project_id) values (19, '2017-08-06', 'Other specified intracranial injuries', 10, '2016-11-07', 1, 10);
insert into TASKS (id, creation_date, description, estimated_task_duration, start_date, status, project_id) values (20, '2017-05-04', 'Poisoning by antiasthmatics, intentional self-harm, init', 10, '2017-05-28', 2, 10);
insert into TASKS (id, creation_date, description, estimated_task_duration, start_date, status, project_id) values (21, '2017-08-08', 'Struck by falling object on board watercraft', 1, '2017-04-09', 2, 11);
insert into TASKS (id, creation_date, description, estimated_task_duration, start_date, status, project_id) values (22, '2017-05-02', 'Oth injury due to oth accident to unpowr wtrcrft, sequela', 1, '2017-08-12', 2, 11);
insert into TASKS (id, creation_date, description, estimated_task_duration, start_date, status, project_id) values (23, '2016-11-21', 'Corrosion of first degree of left thigh', 2, '2017-07-12', 1, 12);
insert into TASKS (id, creation_date, description, estimated_task_duration, start_date, status, project_id) values (24, '2017-03-17', 'Nondisp bimalleol fx unsp low leg, 7thF', 2, '2016-10-13', 2, 12);
insert into TASKS (id, creation_date, description, estimated_task_duration, start_date, status, project_id) values (25, '2017-09-15', 'Disp fx of olecran pro w/o intartic extn r ulna, 7thM', 3, '2017-07-19', 0, 13);
insert into TASKS (id, creation_date, description, estimated_task_duration, start_date, status, project_id) values (26, '2017-03-03', 'Nondisp fx of navicular of unspecified foot, sequela', 3, '2017-06-16', 0, 13);
insert into TASKS (id, creation_date, description, estimated_task_duration, start_date, status, project_id) values (27, '2016-10-27', 'LeFort II fracture', 4, '2017-04-10', 0, 14);
insert into TASKS (id, creation_date, description, estimated_task_duration, start_date, status, project_id) values (28, '2017-08-30', 'Disorders of optic chiasm in (due to) inflammatory disorders', 4, '2017-10-11', 0, 14);
insert into TASKS (id, creation_date, description, estimated_task_duration, start_date, status, project_id) values (29, '2016-12-01', 'Suprvsn of preg w insufficient antenat care, first trimester', 5, '2017-09-05', 2, 15);
insert into TASKS (id, creation_date, description, estimated_task_duration, start_date, status, project_id) values (30, '2016-10-24', 'Neonatal coma', 5, '2017-07-05', 2, 15);
insert into TASKS (id, creation_date, description, estimated_task_duration, start_date, status, project_id) values (31, '2017-01-02', 'Degenerative myopia, unspecified eye', 6, '2016-10-18', 1, 16);
insert into TASKS (id, creation_date, description, estimated_task_duration, start_date, status, project_id) values (32, '2017-02-05', 'Non-prs chr ulcer oth prt unsp foot limited to brkdwn skin', 6, '2017-06-29', 1, 16);
insert into TASKS (id, creation_date, description, estimated_task_duration, start_date, status, project_id) values (33, '2017-02-05', 'Nondisp fx of medial phalanx of left middle finger', 7, '2017-01-05', 2, 17);
insert into TASKS (id, creation_date, description, estimated_task_duration, start_date, status, project_id) values (34, '2017-02-04', 'Malignant neoplasm of unsp site of right female breast', 7, '2017-02-09', 2, 17);
insert into TASKS (id, creation_date, description, estimated_task_duration, start_date, status, project_id) values (35, '2017-02-02', 'Fall into oth water striking wall causing drown, init', 8, '2017-08-13', 1, 18);
insert into TASKS (id, creation_date, description, estimated_task_duration, start_date, status, project_id) values (36, '2016-10-16', 'Injury of axillary nerve, unspecified arm, sequela', 8, '2017-09-18', 0, 18);
insert into TASKS (id, creation_date, description, estimated_task_duration, start_date, status, project_id) values (37, '2016-12-15', 'Brown-Sequard syndrome at C5, init', 9, '2017-02-24', 2, 19);
insert into TASKS (id, creation_date, description, estimated_task_duration, start_date, status, project_id) values (38, '2017-07-03', '2-part nondisp fx of surg nk of unsp humer, 7thP', 9, '2017-07-13', 2, 19);
insert into TASKS (id, creation_date, description, estimated_task_duration, start_date, status, project_id) values (39, '2017-08-06', 'Pathological dislocation of unsp hand, NEC', 10, '2016-12-24', 2, 20);
insert into TASKS (id, creation_date, description, estimated_task_duration, start_date, status, project_id) values (40, '2017-05-16', 'Oth nondisp fx of 5th cervcal vert, subs for fx w delay heal', 10, '2017-05-01', 2, 20);

insert into TASKS_ITEMS (id, Description, price, quantity, task_id) values (1, 'Opn skl/oth fx-prol coma', 78, 74, 37);
insert into TASKS_ITEMS (id, Description, price, quantity, task_id) values (2, 'Salmonella pneumonia', 79, 21, 39);
insert into TASKS_ITEMS (id, Description, price, quantity, task_id) values (3, 'Tox w old hyp-del w p/p', 42, 6, 39);
insert into TASKS_ITEMS (id, Description, price, quantity, task_id) values (4, 'Vis path dis w infl dis', 25, 51, 40);
insert into TASKS_ITEMS (id, Description, price, quantity, task_id) values (5, 'Fx clavicle NOS-closed', 64, 57, 6);
insert into TASKS_ITEMS (id, Description, price, quantity, task_id) values (6, 'Deep 3 deg burn thumb', 90, 26, 38);
insert into TASKS_ITEMS (id, Description, price, quantity, task_id) values (7, 'Venous compl NOS-antepar', 17, 83, 2);
insert into TASKS_ITEMS (id, Description, price, quantity, task_id) values (8, 'Hirsutism', 69, 66, 34);
insert into TASKS_ITEMS (id, Description, price, quantity, task_id) values (9, 'Loss control mv-mocycl', 90, 91, 34);
insert into TASKS_ITEMS (id, Description, price, quantity, task_id) values (10, 'Adv eff sympatholytics', 24, 24, 15);
insert into TASKS_ITEMS (id, Description, price, quantity, task_id) values (11, 'Opn skl fx NEC-prol coma', 16, 22, 25);
insert into TASKS_ITEMS (id, Description, price, quantity, task_id) values (12, 'Mv-train coll-mcycl psgr', 29, 99, 10);
insert into TASKS_ITEMS (id, Description, price, quantity, task_id) values (13, 'Atherosclerosis NEC', 90, 97, 14);
insert into TASKS_ITEMS (id, Description, price, quantity, task_id) values (14, 'Endocard cushion def NEC', 33, 71, 40);
insert into TASKS_ITEMS (id, Description, price, quantity, task_id) values (15, 'Gonococcal conjunctivit', 66, 2, 22);
insert into TASKS_ITEMS (id, Description, price, quantity, task_id) values (16, 'Benign neoplasm brain', 26, 17, 13);
insert into TASKS_ITEMS (id, Description, price, quantity, task_id) values (17, 'Benign neo bronchus/lung', 4, 64, 7);
insert into TASKS_ITEMS (id, Description, price, quantity, task_id) values (18, 'Sbac mono leu in relapse', 60, 31, 13);
insert into TASKS_ITEMS (id, Description, price, quantity, task_id) values (19, 'Syphil tricuspid valve', 52, 80, 17);
insert into TASKS_ITEMS (id, Description, price, quantity, task_id) values (20, 'Cystocele, midline', 81, 22, 38);

insert into TASKS_TASK_ITEMS (task_items_id, task_entity_id) values (1, 37);
insert into TASKS_TASK_ITEMS (task_items_id, task_entity_id) values (2, 39);
insert into TASKS_TASK_ITEMS (task_items_id, task_entity_id) values (3, 39);
insert into TASKS_TASK_ITEMS (task_items_id, task_entity_id) values (4, 40);
insert into TASKS_TASK_ITEMS (task_items_id, task_entity_id) values (5, 6);
insert into TASKS_TASK_ITEMS (task_items_id, task_entity_id) values (6, 38);
insert into TASKS_TASK_ITEMS (task_items_id, task_entity_id) values (7, 2);
insert into TASKS_TASK_ITEMS (task_items_id, task_entity_id) values (8, 34);
insert into TASKS_TASK_ITEMS (task_items_id, task_entity_id) values (9, 34);
insert into TASKS_TASK_ITEMS (task_items_id, task_entity_id) values (10, 15);
insert into TASKS_TASK_ITEMS (task_items_id, task_entity_id) values (11, 25);
insert into TASKS_TASK_ITEMS (task_items_id, task_entity_id) values (12, 10);
insert into TASKS_TASK_ITEMS (task_items_id, task_entity_id) values (13, 14);
insert into TASKS_TASK_ITEMS (task_items_id, task_entity_id) values (14, 40);
insert into TASKS_TASK_ITEMS (task_items_id, task_entity_id) values (15, 22);
insert into TASKS_TASK_ITEMS (task_items_id, task_entity_id) values (16, 13);
insert into TASKS_TASK_ITEMS (task_items_id, task_entity_id) values (17, 7);
insert into TASKS_TASK_ITEMS (task_items_id, task_entity_id) values (18, 13);
insert into TASKS_TASK_ITEMS (task_items_id, task_entity_id) values (19, 17);
insert into TASKS_TASK_ITEMS (task_items_id, task_entity_id) values (20, 38);

insert into WORKERS_PROJECTS (worker_entity_id, projects_id) values (2, 17);
insert into WORKERS_PROJECTS (worker_entity_id, projects_id) values (7, 18);
insert into WORKERS_PROJECTS (worker_entity_id, projects_id) values (5, 11);
insert into WORKERS_PROJECTS (worker_entity_id, projects_id) values (10, 19);
insert into WORKERS_PROJECTS (worker_entity_id, projects_id) values (1, 20);
insert into WORKERS_PROJECTS (worker_entity_id, projects_id) values (7, 1);
insert into WORKERS_PROJECTS (worker_entity_id, projects_id) values (9, 4);
insert into WORKERS_PROJECTS (worker_entity_id, projects_id) values (4, 2);
insert into WORKERS_PROJECTS (worker_entity_id, projects_id) values (5, 14);
insert into WORKERS_PROJECTS (worker_entity_id, projects_id) values (7, 7);
insert into WORKERS_PROJECTS (worker_entity_id, projects_id) values (5, 19);
insert into WORKERS_PROJECTS (worker_entity_id, projects_id) values (3, 5);
insert into WORKERS_PROJECTS (worker_entity_id, projects_id) values (5, 3);
insert into WORKERS_PROJECTS (worker_entity_id, projects_id) values (5, 15);
insert into WORKERS_PROJECTS (worker_entity_id, projects_id) values (2, 20);
insert into WORKERS_PROJECTS (worker_entity_id, projects_id) values (8, 13);
insert into WORKERS_PROJECTS (worker_entity_id, projects_id) values (3, 10);
insert into WORKERS_PROJECTS (worker_entity_id, projects_id) values (10, 2);
insert into WORKERS_PROJECTS (worker_entity_id, projects_id) values (10, 18);
insert into WORKERS_PROJECTS (worker_entity_id, projects_id) values (5, 5);
insert into WORKERS_PROJECTS (worker_entity_id, projects_id) values (1, 20);
insert into WORKERS_PROJECTS (worker_entity_id, projects_id) values (9, 10);
insert into WORKERS_PROJECTS (worker_entity_id, projects_id) values (3, 6);
insert into WORKERS_PROJECTS (worker_entity_id, projects_id) values (9, 14);
insert into WORKERS_PROJECTS (worker_entity_id, projects_id) values (2, 9);
insert into WORKERS_PROJECTS (worker_entity_id, projects_id) values (3, 11);
insert into WORKERS_PROJECTS (worker_entity_id, projects_id) values (4, 4);
insert into WORKERS_PROJECTS (worker_entity_id, projects_id) values (10, 19);
insert into WORKERS_PROJECTS (worker_entity_id, projects_id) values (6, 3);
insert into WORKERS_PROJECTS (worker_entity_id, projects_id) values (9, 11);

insert into WORKERS_TASKS (worker_entity_id, tasks_id) values (1, 25);
insert into WORKERS_TASKS (worker_entity_id, tasks_id) values (2, 31);
insert into WORKERS_TASKS (worker_entity_id, tasks_id) values (3, 10);
insert into WORKERS_TASKS (worker_entity_id, tasks_id) values (4, 30);
insert into WORKERS_TASKS (worker_entity_id, tasks_id) values (5, 13);
insert into WORKERS_TASKS (worker_entity_id, tasks_id) values (6, 40);
insert into WORKERS_TASKS (worker_entity_id, tasks_id) values (7, 36);
insert into WORKERS_TASKS (worker_entity_id, tasks_id) values (8, 28);
insert into WORKERS_TASKS (worker_entity_id, tasks_id) values (9, 26);
insert into WORKERS_TASKS (worker_entity_id, tasks_id) values (10, 20);